question,answer,story
Did Mara open the lighthouse museum every Thursday?,True,"Every Thursday, Mara opened the lighthouse museum before sunrise to polish its brass telescope. One foggy morning, she found a small blue envelope tucked beneath its stand. Inside was a sketch of a silver fox and a note asking her to leave a cup of tea on the western windowsill. Mara did so, expecting a prank, but at noon she found the cup empty and a tiny glass fox in its place. She put the fox in the museum’s display case and never discovered who had made it."
Was the envelope hidden inside the telescope?,False,"Every Thursday, Mara opened the lighthouse museum before sunrise to polish its brass telescope. One foggy morning, she found a small blue envelope tucked beneath its stand. Inside was a sketch of a silver fox and a note asking her to leave a cup of tea on the western windowsill. Mara did so, expecting a prank, but at noon she found the cup empty and a tiny glass fox in its place. She put the fox in the museum’s display case and never discovered who had made it."
Did Mara discover who made the glass fox?,False,"Every Thursday, Mara opened the lighthouse museum before sunrise to polish its brass telescope. One foggy morning, she found a small blue envelope tucked beneath its stand. Inside was a sketch of a silver fox and a note asking her to leave a cup of tea on the western windowsill. Mara did so, expecting a prank, but at noon she found the cup empty and a tiny glass fox in its place. She put the fox in the museum’s display case and never discovered who had made it."
Did Mira find the silver envelope beneath a blue telescope?,True,"Every Thursday at dusk, Mira opened the tiny observatory above her family's bakery. One evening, she found a silver envelope tucked beneath the blue telescope. Inside was a map drawn by her grandfather, marking a fallen star in the orchard behind the old mill. Mira took her yellow lantern and followed the map, but instead of a meteorite she found a glass jar filled with glowing fireflies and a note that read, “Some stars are meant to be set free.” She opened the jar beside the river and watched the lights drift into the dark."
Did the map lead Mira to a meteorite behind the old mill?,False,"Every Thursday at dusk, Mira opened the tiny observatory above her family's bakery. One evening, she found a silver envelope tucked beneath the blue telescope. Inside was a map drawn by her grandfather, marking a fallen star in the orchard behind the old mill. Mira took her yellow lantern and followed the map, but instead of a meteorite she found a glass jar filled with glowing fireflies and a note that read, “Some stars are meant to be set free.” She opened the jar beside the river and watched the lights drift into the dark."
Did Mira release the fireflies beside the river?,True,"Every Thursday at dusk, Mira opened the tiny observatory above her family's bakery. One evening, she found a silver envelope tucked beneath the blue telescope. Inside was a map drawn by her grandfather, marking a fallen star in the orchard behind the old mill. Mira took her yellow lantern and followed the map, but instead of a meteorite she found a glass jar filled with glowing fireflies and a note that read, “Some stars are meant to be set free.” She opened the jar beside the river and watched the lights drift into the dark."
Inez found the brass key inside a jar of blackberry jam.,True,"On the night the town’s lighthouse went dark, Inez found a brass key inside a jar of blackberry jam left on her doorstep. A note tied to the jar told her to unlock the old boathouse, where she discovered a hand-cranked lantern and a bicycle with a flat tire. She carried the lantern up the hill on foot and turned its crank until the fishing boats reached shore. By morning, the jam jar was gone, but the key remained in her coat pocket."
Inez rode a bicycle up the hill to the lighthouse.,False,"On the night the town’s lighthouse went dark, Inez found a brass key inside a jar of blackberry jam left on her doorstep. A note tied to the jar told her to unlock the old boathouse, where she discovered a hand-cranked lantern and a bicycle with a flat tire. She carried the lantern up the hill on foot and turned its crank until the fishing boats reached shore. By morning, the jam jar was gone, but the key remained in her coat pocket."
The key was still in Inez’s coat pocket the next morning.,True,"On the night the town’s lighthouse went dark, Inez found a brass key inside a jar of blackberry jam left on her doorstep. A note tied to the jar told her to unlock the old boathouse, where she discovered a hand-cranked lantern and a bicycle with a flat tire. She carried the lantern up the hill on foot and turned its crank until the fishing boats reached shore. By morning, the jam jar was gone, but the key remained in her coat pocket."
Did Mara open the clock tower every Thursday?,True,"Every Thursday, Mara opened the clock tower to wind its brass mechanism. One rainy morning, she found a blue envelope tucked behind the pendulum. Inside was a sketch of the town square with a small X beneath the oldest bench. Mara waited until the rain stopped, then lifted a loose paving stone near the bench and found a tin box full of handwritten recipes. She took the box to the library, where the librarian recognized her grandmother’s handwriting."
Was the envelope green?,False,"Every Thursday, Mara opened the clock tower to wind its brass mechanism. One rainy morning, she found a blue envelope tucked behind the pendulum. Inside was a sketch of the town square with a small X beneath the oldest bench. Mara waited until the rain stopped, then lifted a loose paving stone near the bench and found a tin box full of handwritten recipes. She took the box to the library, where the librarian recognized her grandmother’s handwriting."
Did the librarian recognize Mara’s grandmother’s handwriting?,True,"Every Thursday, Mara opened the clock tower to wind its brass mechanism. One rainy morning, she found a blue envelope tucked behind the pendulum. Inside was a sketch of the town square with a small X beneath the oldest bench. Mara waited until the rain stopped, then lifted a loose paving stone near the bench and found a tin box full of handwritten recipes. She took the box to the library, where the librarian recognized her grandmother’s handwriting."
Did Mara open the lighthouse library every Thursday?,True,"Every Thursday, Mara opened the lighthouse library for exactly two hours, though the lighthouse had not guided a ship in decades. One rainy evening, she found a blue envelope tucked inside an atlas. It contained a hand-drawn map of the island and a note asking whoever found it to plant a pear seed beside the old bell. Mara planted the seed the next morning, then returned the map to the atlas for the next curious reader."
Was the envelope hidden inside a cookbook?,False,"Every Thursday, Mara opened the lighthouse library for exactly two hours, though the lighthouse had not guided a ship in decades. One rainy evening, she found a blue envelope tucked inside an atlas. It contained a hand-drawn map of the island and a note asking whoever found it to plant a pear seed beside the old bell. Mara planted the seed the next morning, then returned the map to the atlas for the next curious reader."
Did the note ask its finder to plant a pear seed beside the old bell?,True,"Every Thursday, Mara opened the lighthouse library for exactly two hours, though the lighthouse had not guided a ship in decades. One rainy evening, she found a blue envelope tucked inside an atlas. It contained a hand-drawn map of the island and a note asking whoever found it to plant a pear seed beside the old bell. Mara planted the seed the next morning, then returned the map to the atlas for the next curious reader."
